ITEMS,DESCRIPTION,QUANTITY,UNIT PRICE,TOTAL PRICE ,URL,OTHER INFO
28BYJ48 5V DC Stepper Motor,Stepper Motor,7,$0.80,$6.00,https://quartzcomponents.com/products/28byj-48-stepper-motor?variant=31897795887239&country=IN&currency=INR&utm_medium=product_sync&utm_source=google&utm_content=sag_organic&utm_campaign=sag_organic?utm_source=google&utm_medium=FreeListings&gad_source=1&gad_campaignid=20393598841&gbraid=0AAAAACPPFdPW3M09Ajh6x5rNkRBaJXhIU&gclid=CjwKCAjwg_nNBhAGEiwAiYPYAwioKDpxHD7VNzobW7qb-Wg2ttThOIBLqfOGoVK-GgWRc2vZo5l5VhoCuFgQAvD_BwE,
A4988 Stepper Motor Driver Module,Stepper Motor Module,7,$0.64,$4.52,https://quartzcomponents.com/products/a4988-stepper-motor-driver-module-with-heatsink?variant=33144864702599,
KY-035 Hall Magnetic Sensor Module,Hall Sensor,7,$0.31,$2.69,https://quartzcomponents.com/products/ky-035-hall-magnetic-sensor-module?variant=35122026905753,
ESP32-S3-Wroom-1 N16R8,Microcontroller Board,2,$15.83,$31.66,https://www.amazon.in/gp/product/B0F7499BRZ/ref=ewc_pr_img_2?smid=A3AXIINIEZD5PI&psc=1,
Type-C to Type-C Braided Cable,Microcontroller Cable,1,$2.19,$2.19,https://www.amazon.in/gp/product/B0FJ2LY2JN/ref=ewc_pr_img_1?smid=AJ6SIZC8YQDZX&th=1,
Neodymium Disc Magnet (8x2) mm,Neodymium Magnet,7,$0.13,$0.92,https://quartzcomponents.com/products/small-magnets-8mm-diamete,
Ball Bearings (3x8x4) mm,Ball Bearing,7,$0.31,$2.16,https://quartzcomponents.com/products/693zz-ball-bearings-miniature-carbon-steel-bearings-3mm-x-8mm-x-4-mm-deep-groove-bearing?variant=45775159230698,
,,,,,,
M3 30mm Bolts (set of 4),Bolts,4,$0.15,$0.62,https://quartzcomponents.com/products/m3-30mm-bolt-with-csk-head-mounting-screw-pack-of-4?variant=44082911477994,
M3 Hex Nuts 2mm (Set of 4),Hex Nuts,4,$0.06,$0.22,https://quartzcomponents.com/products/m3-hex-nut-with-2mm-height-pack-of-4?variant=42673973133546,
Female Headers (2 pin),Pin Headers,50,$0.07,$3.72,https://robu.in/product/fh1-27-01-02pzd-xunpu-plugin1x2-pin-1-27mm-female-headers-rohs/,
Female Headers (3 pin),Pin Headers,10,$0.08,$0.90,https://robu.in/product/fh1-0-01-03pzd-xunpu-plugin1x3-pin-1mm-female-headers-rohs/,
PCM 5102A DAC Module,DAC Module,1,$4.90,$4.90,https://ifuturetech.org/product/pcm5102a-dac-decode-i2s-audio-player-module/,
8 Ohm 5 W Speaker,Speakers,1,$5.37,$5.37,https://thinkrobotics.com/products/8%CF%89-5w-speaker?variant=40088208015446&country=IN&currency=INR&utm_medium=product_sync&utm_source=google&utm_content=sag_organic&utm_campaign=sag_organic&utm_source=googleads&utm_medium=cpc&utm_source=SR_google&utm_medium=Shopping&utm_campaign=SR467_ShoppingAds_Category-23015774368&utm_content=-293946777986&gad_source=1&gad_campaignid=23015774368&gbraid=0AAAAACk3EvzzC5vzjNbsh6POd4fMKh8Fs&gclid=Cj0KCQjwve7NBhC-ARIsALZy9HUJsQEAXK4bIMpwEQjwA1NuA6QZfFmf8vJzaVJW6X3EG7OMJ1CQECMaArhNEALw_wcB,
Pin Headers,Pin Headers,10,$0.02,$0.17,https://robu.in/product/pz254v-11-02p-xfcn-through-hole-pin-header-2-5mm-2p-6mm-40%e2%84%83105%e2%84%83-3mm-2-54mm-1-0-black-brass-1x2p-pluginp2-54mm-pin-headers-rohs/,
PAM 8406 Amplifier,Amplifier Module,1,$0.61,0.61$,https://quartzcomponents.com/products/pam8406-class-d-audio-amplifier-module-with-volume-control-potentiometer?variant=44037140513002&country=IN&currency=INR&utm_medium=product_sync&utm_source=google&utm_content=sag_organic&utm_campaign=sag_organic?utm_source=google&utm_medium=FreeListings&gad_source=4&gad_campaignid=21214248935&gbraid=0AAAAACPPFdOjYQ9m9dp676XEqMu34TTcY&gclid=Cj0KCQiA8KTNBhD_ARIsAOvp6DJT6hxNBFemjHw5mc0WrEhoLg-4JkAhNG6ekXphA3ezW3pC1OUg6KwaAosBEALw_wcB,
Alps Alpine RK09D1130C2P,Potentiometer,4,$0.96,$3.84,https://robu.in/product/rk09d1130c2p-alpsalpine-%c2%b120-10k%cf%89-plugin-potentiometers-variable-resistors-rohs/,
Control Knob,Potentiometer knob,2,$2.74,$5.48,https://www.amazon.in/gp/product/B0GMX6RMZ1/ref=sw_img_1?smid=A3858O860VP0XW&psc=1,
AshvaVolt® 12V 10Ah 3S Lithium-Ion Battery Pack,Battery Pack,1,$37.42,$37.42,https://ashvavolt.com/product/ashvavolt-12v-10ah-3s-lithium-ion-battery-pack-with-bms-protection-12v-3a-12-6v-lithium-ion-charger-combo-pack/,
XL4015 5A Buck Converter,Buck Converter,1,$2.90,$2.90,https://robu.in/product/xl4015-5a-dc-dc-step-adjustable-power-supply-buck-module-led-w-voltmeter/?gad_source=1&gad_campaignid=17416544847&gbraid=0AAAAADvLFWeXwAKkgAp6s81NoRq81Msrt&gclid=CjwKCAjwg_nNBhAGEiwAiYPYA-DxKWas95vEtn0jEvmKdGR5PT0frY4FvseTEkOqwJjWTzv089hC7hoCjQQQAvD_BwE,
0.1uF Ceramic Capacitor,Capacitor,30,$0.06,$1.91,https://quartzcomponents.com/products/10000-pf-0-1uf-ceramic-capacitor?variant=31898110197895,
470uF 50V Electrolytic Capacitor,Capacitor,1,$0.07,$0.07,https://quartzcomponents.com/products/470uf-50v-electrolytic-capacitor,
47uF 10V Electrolytic Capacitor,Capacitor,2,$0.04,$0.08,https://quartzcomponents.com/products/47uf-10v-electrolytic-capacitor,
100uF 16V Electrolytic Capacitor,Capacitor,10,$0.03,$0.35,https://quartzcomponents.com/products/6v-100uf-electrolytic-capacitor,
100uF 25V Electrolytic Capacitor,Capacitor,10,$0.03,$0.35,https://quartzcomponents.com/products/100uf-25v-radial-electrolytic-capacitor,
1000uF 16V Electrolytic Capacitor,Capacitor,2,$0.08,$0.20,https://quartzcomponents.com/products/1000uf-16v-aluminum-electrolytic-capacitors-leaded,
sandisk-sdsquab,MicroSD Card,1,$10.90,$10.90,https://www.flipkart.com/sandisk-sdsquab-064g-gn6mn-ultra-64-gb-microsdxc-class-10-140-mb-s-memory-card-compatible-camera-computer-gaming-console-mobile-tablet/p/itmfeh2yptcfzae4?pid=ACCGGX76TNFCNDMA&lid=LSTACCGGX76TNFCNDMA96DQAG&marketplace=FLIPKART&pageUID=1772828196841,
MicroSD to SD Converter,MicroSD Card Adapter,1,$2,$2,https://www.flipkart.com/hitrime-micro-sd-card-adapter-only-adapter-reader/p/itm0855eb84120dd?pid=CDRHG5WXYHZEFW59&lid=LSTCDRHG5WXYHZEFW59ZZS7NH&marketplace=FLIPKART&pageUID=1772828262726,
MicroSD card reader Module,MicroSD Card Module,1,$0.42,$0.42,https://robu.in/product/micro-sd-card-module/,
9x15cm Perf Board,Perf Board (PCB),2,$0.98,$2,https://robu.in/product/915-cm-universal-pcb-prototype-board-double-sided/,
4x6cm Perf Board,Perf Board (PCB),1,$1,$1,https://robu.in/product/46-cm-universal-pcb-prototype-board-double-sided/,
Pin Headers (2 Pin),Pin Headers,30,$0.03,$1,https://robu.in/product/ph1-0-01-02pzd-xunpu-plugin1x2-pin-1mm-pin-headers-rohs/,
Pin Headers (3 Pin),Pin Headers,10,$0.03,$1,https://robu.in/product/ph1-27-01-03pzd-xunpu-plugin1x3-pin-1-27mm-pin-headers-rohs/,
Jumper Wires (20 cm),Jumper Wires,1,$0.46,$0.46,https://robu.in/product/male-to-female-jumper-wires-40pcs-20cm/,
18AWG (RED),Wires,1,$0.34,$0.34,https://robu.in/product/18awg-high-voltage-silicone-wire-3000v-red/,
18AWG (BLACK),Wires,1,$0.34,$0.34,https://robu.in/product/18awg-high-voltage-silicone-wire-3000v-black/,
20AWG (RED),Wires,2,$0.16,$0.32,https://robu.in/product/ul1007-20awg-pvc-electronic-wire-red/,
20AWG (BLACK),Wires,2,$0.16,$0.32,https://robu.in/product/ul1007-20awg-pvc-electronic-wire-black/,
22AWG (RED),Wires,2,$0.16,$0.32,https://robu.in/product/22awg-silicone-braided-wire-red/,
22AWG (BLACK),Wires,2,$0.16,$0.32,https://robu.in/product/22awg-silicone-braided-wire-black/,
26AWG (RED),Wires,2,$0.08,$0.16,https://robu.in/product/high-quality-ultra-flexible-26awg-silicone-wire-1000m-red/,
26AWG (BLACK),Wires,2,$0.08,$0.16,https://robu.in/product/ul1007-26awg-pvc-electronic-wire-black/,
Wire Stripper,Wire Stripper,1,$2.55,$2.55,https://robu.in/product/multitec-02dx-self-adjusting-wire-cutter-stripper/,
Helping Hands,Helping Hands,1,$9.40,$9.40,https://www.amazon.in/gp/product/B0DFQ6G523/ref=ewc_pr_img_1?smid=A3T8K809Q96RB6&psc=1,
Solder Wick,Solder Wick,1,$0.70,$0.70,https://robu.in/product/best-quality-solder-desoldering-wire-de-soldering-wick/,
,,,,,,
,,,,,,
,,,,,,
,,,TOTAL -,$151.72,,
,,,TOTAL (incl Shipping) - ,$160,,